portfolio_id,security,original_quantity,crossed_quantity,remaining_quantity,trade_direction
S-17147,CORT US,4000,0,4000,BUY
P-36182,CORT US,3800,0,3800,BUY
S-17147,CME US,-3800,0,-3800,SELL
P-36182,CME US,-800,0,-800,SELL
S-17147,SJM US,-2400,0,-2400,SELL
S-17147,WYNN US,-3800,0,-3800,SELL
P-61230,DKS US,-3059,-1200,-1859,SELL
S-17147,HALO US,5200,0,5200,BUY
S-17147,FLUT US,200,0,200,BUY
P-36182,FLUT US,16000,0,16000,BUY
S-17147,SAIA US,-600,0,-600,SELL
S-17147,KMX US,10000,0,10000,BUY
S-17147,EQIX US,200,0,200,BUY
S-17147,AXS US,8000,0,8000,BUY
S-17147,LKQ US,-6200,0,-6200,SELL
S-17147,SGI US,14200,0,14200,BUY
P-36182,SGI US,1200,0,1200,BUY
S-17147,WLK US,3400,0,3400,BUY
S-17147,AIZ US,10000,0,10000,BUY
S-17147,NRG US,600,0,600,BUY
S-17147,CBRE US,-6400,0,-6400,SELL
S-17147,QXO US,26600,0,26600,BUY
S-17147,EPAM US,3200,0,3200,BUY
S-17147,TMUS US,-9000,0,-9000,SELL
P-36182,TMUS US,-3200,0,-3200,SELL
S-17147,DPZ US,-1400,0,-1400,SELL
P-47227,DPZ US,-500,0,-500,SELL
P-36182,DPZ US,-400,0,-400,SELL
S-17147,TXRH US,-4000,0,-4000,SELL
S-17147,EXR US,-4400,0,-4400,SELL
P-36182,EXR US,-800,0,-800,SELL
S-17147,MPW US,56800,0,56800,BUY
P-47227,MPW US,43500,0,43500,BUY
P-36182,MPW US,21800,0,21800,BUY
S-17147,RF US,-16800,-3800,-13000,SELL
S-17147,MPWR US,2600,0,2600,BUY
S-17147,CUBE US,22400,0,22400,BUY
P-47227,CUBE US,5000,0,5000,BUY
S-17147,LVS US,-40800,-2000,-38800,SELL
S-17147,ACM US,-2800,0,-2800,SELL
S-17147,MOS US,3400,0,3400,BUY
S-17147,CPAY US,800,400,400,BUY
S-17147,EXLS US,6000,0,6000,BUY
S-17147,CE US,11200,0,11200,BUY
P-47227,CE US,5000,0,5000,BUY
S-17147,DXCM US,5200,0,5200,BUY
P-36182,DXCM US,3000,0,3000,BUY
S-17147,WMS US,-1400,0,-1400,SELL
S-17147,RBC US,-1200,0,-1200,SELL
S-17147,AMP US,-1200,0,-1200,SELL
S-17147,EXPE US,-4400,0,-4400,SELL
P-47227,EXPE US,-1000,0,-1000,SELL
S-17147,CROX US,3600,0,3600,BUY
P-36182,CROX US,1400,0,1400,BUY
S-17147,MA US,-9000,-200,-8800,SELL
S-17147,LDOS US,-800,0,-800,SELL
P-36182,LDOS US,-600,0,-600,SELL
S-17147,CMG US,-37000,0,-37000,SELL
S-17147,TDC US,-6400,0,-6400,SELL
S-17147,UAL US,-1200,0,-1200,SELL
S-17147,KBR US,6000,0,6000,BUY
P-36182,KBR US,2200,0,2200,BUY
S-17147,FTNT US,-2600,0,-2600,SELL
S-17147,SPR US,400,0,400,BUY
S-17147,FSLR US,800,0,800,BUY
P-47227,TNL US,3500,2600,900,BUY
S-17147,CELH US,-5000,-4000,-1000,SELL
S-17147,OC US,-1400,0,-1400,SELL
S-17147,META US,-5800,-600,-5200,SELL
S-17147,SMCI US,1800,0,1800,BUY
P-36182,SMCI US,4400,0,4400,BUY
P-47227,PODD US,-1000,-600,-400,SELL
S-17147,BR US,12800,1000,11800,BUY
S-17147,DAL US,4600,0,4600,BUY
S-17147,LULU US,-4400,0,-4400,SELL
S-17147,TSLA US,1200,0,1200,BUY
P-36182,TSLA US,800,0,800,BUY
S-17147,G US,-2600,-2400,-200,SELL
S-17147,MSCI US,-1200,0,-1200,SELL
P-36182,MSCI US,-200,0,-200,SELL
S-17147,PM US,-111100,0,-111100,SELL
P-36182,PM US,-2000,0,-2000,SELL
S-17147,KDP US,-12400,0,-12400,SELL
S-17147,AWK US,63200,1500,61700,BUY
S-17147,V US,6800,0,6800,BUY
P-36182,V US,400,0,400,BUY
S-17147,WDAY US,19000,0,19000,BUY
S-17147,ZG US,3800,0,3800,BUY
S-17147,VRSK US,-10600,0,-10600,SELL
P-36182,VRSK US,-600,0,-600,SELL
S-17147,CHTR US,-2200,0,-2200,SELL
P-47227,CHTR US,-1000,0,-1000,SELL
P-36182,STWD US,-5000,-2200,-2800,SELL
S-17147,NOW US,-1000,0,-1000,SELL
S-17147,ANET US,-20600,-5800,-14800,SELL
S-17147,ETSY US,-2000,0,-2000,SELL
S-17147,HUBS US,3200,500,2700,BUY
P-36182,GM US,-11000,-2400,-8600,SELL
S-17147,DG US,-4600,0,-4600,SELL
P-47227,DG US,-2000,0,-2000,SELL
P-36182,DG US,-1000,0,-1000,SELL
S-17147,LPLA US,-600,0,-600,SELL
P-47227,LPLA US,-1000,0,-1000,SELL
P-36182,LPLA US,-600,0,-600,SELL
S-17147,LEA US,-1600,0,-1600,SELL
S-17147,CBOE US,-3600,0,-3600,SELL
P-36182,CBOE US,-600,0,-600,SELL
S-17147,LYB US,-8200,0,-8200,SELL
S-17147,HCA US,6400,0,6400,BUY
S-17147,BAH US,-1600,0,-1600,SELL
S-17147,STAG US,16600,0,16600,BUY
P-36182,STAG US,2800,0,2800,BUY
S-17147,PANW US,6400,0,6400,BUY
S-17147,XYZ US,-6400,-1400,-5000,SELL
S-17147,FBIN US,-3400,0,-3400,SELL
S-17147,GWRE US,-400,0,-400,SELL
S-17147,FRPT US,-3400,0,-3400,SELL
S-17147,XYL US,1200,0,1200,BUY
S-17147,NTRA US,1600,600,1000,BUY
S-17147,ARMK US,-5000,0,-5000,SELL
S-17147,BRX US,-6400,0,-6400,SELL
P-36182,BRX US,-6800,0,-6800,SELL
S-17147,CDW US,6200,1500,4700,BUY
P-36182,CDW US,1200,0,1200,BUY
S-17147,RBLX US,-21400,0,-21400,SELL
S-17147,ENPH US,36600,0,36600,BUY
P-47227,ENPH US,5500,0,5500,BUY
P-36182,ENPH US,2800,0,2800,BUY
S-17147,NET US,-600,0,-600,SELL
S-17147,POST US,-600,0,-600,SELL
S-17147,ABNB US,12000,0,12000,BUY
S-17147,MUSA US,-1000,0,-1000,SELL
S-17147,INSP US,-1200,0,-1200,SELL
S-17147,MDB US,5000,1000,4000,BUY
P-36182,MDB US,1400,0,1400,BUY
S-17147,ABBV US,-15800,-600,-15200,SELL
S-17147,CPRI US,-12600,0,-12600,SELL
S-17147,UBER US,-35800,-1200,-34600,SELL
S-17147,TRU US,-2000,-1200,-800,SELL
P-47227,TRU US,-2500,0,-2500,SELL
S-17147,IR US,800,0,800,BUY
P-36182,IR US,4600,0,4600,BUY
S-17147,IQV US,-1600,0,-1600,SELL
S-17147,NWSA US,-12200,0,-12200,SELL
S-17147,NWS US,-3800,0,-3800,SELL
S-17147,ZTS US,-3400,0,-3400,SELL
P-93050,ZTS US,-457959,0,-457959,SELL
P-36182,ZTS US,-800,0,-800,SELL
S-17147,SAIC US,-400,0,-400,SELL
P-47227,SAIC US,-2000,0,-2000,SELL
S-17147,LW US,-3200,0,-3200,SELL
S-17147,DUOL US,-400,0,-400,SELL
P-36182,DUOL US,-400,0,-400,SELL
S-17147,VVV US,-15200,0,-15200,SELL
P-47227,VVV US,-14500,0,-14500,SELL
P-36182,VVV US,-19800,0,-19800,SELL
S-17147,AMH US,-7100,-3000,-4100,SELL
S-17147,MRNA US,-1800,0,-1800,SELL
S-17147,ALLE US,-1000,0,-1000,SELL
P-36182,ALLE US,-600,0,-600,SELL
S-17147,SPOT US,-2800,0,-2800,SELL
S-17147,ZM US,-1000,0,-1000,SELL
P-36182,ZM US,-1200,0,-1200,SELL
S-17147,CWEN/A US,9200,0,9200,BUY
P-47227,CWEN/A US,7500,0,7500,BUY
S-17147,BURL US,-1800,0,-1800,SELL
S-17147,VIK US,6400,0,6400,BUY
P-36182,VIK US,21800,0,21800,BUY
S-17147,KEYS US,-2400,0,-2400,SELL
S-17147,CNH US,-6000,0,-6000,SELL
S-17147,ESI US,600,0,600,BUY
P-36182,ESI US,5800,0,5800,BUY
S-17147,KHC US,-25600,-11800,-13800,SELL
S-17147,RDDT US,4600,0,4600,BUY
P-36182,RDDT US,12800,1000,11800,BUY
S-17147,AAL US,2600,0,2600,BUY
S-17147,AXTA US,8000,0,8000,BUY
P-36182,AXTA US,3400,0,3400,BUY
S-17147,SYF US,-10400,0,-10400,SELL
S-17147,MEDP US,-1000,0,-1000,SELL
S-17147,ARES US,-1200,0,-1200,SELL
S-17147,LBRDK US,-2000,0,-2000,SELL
P-36182,LBRDK US,-2400,0,-2400,SELL
S-17147,VKTX US,-5000,-4000,-1000,SELL
S-17147,FNF US,-1600,0,-1600,SELL
S-17147,CFG US,-9400,-2400,-7000,SELL
S-17147,LITE US,2800,0,2800,BUY
S-17147,RIVN US,153400,0,153400,BUY
P-36182,RIVN US,7200,0,7200,BUY
S-17147,CZR US,-11000,0,-11000,SELL
S-17147,QSR US,30200,0,30200,BUY
P-36182,QSR US,27400,0,27400,BUY
S-17147,PYPL US,-14000,0,-14000,SELL
S-17147,BLD US,-1200,0,-1200,SELL
S-17147,HPE US,5600,0,5600,BUY
P-47227,HPE US,8500,0,8500,BUY
P-36182,HPE US,4400,0,4400,BUY
S-17147,FND US,5400,0,5400,BUY
P-36182,FND US,1600,0,1600,BUY
S-17147,CFLT US,-8200,0,-8200,SELL
S-17147,QRVO US,4000,0,4000,BUY
S-17147,RVMD US,7400,0,7400,BUY
P-36182,RVMD US,2600,0,2600,BUY
S-17147,RBRK US,3800,0,3800,BUY
P-36182,RBRK US,10000,0,10000,BUY
S-17147,CWEN US,11400,0,11400,BUY
S-17147,WING US,-1600,0,-1600,SELL
P-47227,WING US,-1000,0,-1000,SELL
S-17147,HOOD US,-51800,0,-51800,SELL
S-17147,MNST US,-25200,0,-25200,SELL
S-17147,IOT US,11400,0,11400,BUY
P-36182,IOT US,11400,0,11400,BUY
S-17147,ACI US,-8400,0,-8400,SELL
S-17147,Z US,13000,0,13000,BUY
P-36182,Z US,1200,0,1200,BUY
S-17147,GOOGL US,124400,0,124400,BUY
P-36182,GOOGL US,2200,0,2200,BUY
S-17147,GOOG US,85000,0,85000,BUY
P-36182,GOOG US,2000,0,2000,BUY
S-17147,PFGC US,2400,0,2400,BUY
S-17147,AA US,-5200,0,-5200,SELL
S-17147,FTV US,8200,0,8200,BUY
P-47227,FTV US,30000,0,30000,BUY
P-36182,FTV US,7400,0,7400,BUY
S-17147,DD US,13400,0,13400,BUY
P-36182,DD US,1400,0,1400,BUY
S-17147,CTVA US,22800,0,22800,BUY
S-17147,TOST US,-15000,0,-15000,SELL
S-17147,USFD US,14000,0,14000,BUY
S-17147,ITT US,-1200,0,-1200,SELL
S-17147,ASH US,-800,0,-800,SELL
S-17147,KNSL US,-1400,0,-1400,SELL
P-47227,KNSL US,-500,0,-500,SELL
P-36182,KNSL US,-400,0,-400,SELL
S-17147,DELL US,600,0,600,BUY
P-36182,DELL US,1000,0,1000,BUY
S-17147,VST US,-1000,0,-1000,SELL
P-47227,DXC US,14500,1600,12900,BUY
S-17147,BJ US,-6000,0,-6000,SELL
P-36182,BJ US,-1200,0,-1200,SELL
P-47227,INVH US,7000,4200,2800,BUY
S-17147,ULTA US,-2200,0,-2200,SELL
P-47227,ULTA US,-500,0,-500,SELL
S-17147,HLNE US,3400,0,3400,BUY
S-17147,AVTR US,46800,0,46800,BUY
P-36182,AVTR US,8000,0,8000,BUY
S-17147,CAVA US,600,0,600,BUY
P-36182,CAVA US,2200,0,2200,BUY
S-17147,BKR US,35000,15000,20000,BUY
P-36182,BKR US,28400,0,28400,BUY
S-17147,NVT US,-1600,0,-1600,SELL
S-17147,JHG US,18400,0,18400,BUY
P-36182,JHG US,2400,0,2400,BUY
S-17147,EVRG US,-600,0,-600,SELL
S-17147,WH US,-2200,0,-2200,SELL
S-17147,VICI US,83600,0,83600,BUY
P-36182,VICI US,3200,0,3200,BUY
S-17147,EQH US,-4000,0,-4000,SELL
S-17147,GTES US,6600,0,6600,BUY
P-36182,GTES US,4000,0,4000,BUY
P-47227,ST US,6500,2000,4500,BUY
P-36182,ST US,3200,0,3200,BUY
S-17147,CART US,400,0,400,BUY
S-17147,AVGO US,-1800,-1600,-200,SELL
S-17147,CI US,-3200,0,-3200,SELL
P-36182,CI US,-400,0,-400,SELL
P-47227,ELAN US,11000,5200,5800,BUY
P-36182,ELAN US,5800,0,5800,BUY
S-17147,AMCR US,-29200,0,-29200,SELL
S-17147,ONON US,9200,0,9200,BUY
P-36182,ONON US,22800,0,22800,BUY
S-17147,ESTC US,-1200,0,-1200,SELL
P-47227,ESTC US,-2500,0,-2500,SELL
S-17147,STE US,-600,0,-600,SELL
P-47227,STE US,-1000,0,-1000,SELL
P-36182,STE US,-600,0,-600,SELL
S-17147,TW US,-1400,0,-1400,SELL
S-17147,CHWY US,7000,0,7000,BUY
P-36182,CHWY US,15000,0,15000,BUY
S-17147,XP US,-38200,0,-38200,SELL
S-17147,WFRD US,-400,0,-400,SELL
P-47227,WFRD US,-15000,0,-15000,SELL
P-36182,WFRD US,-28000,0,-28000,SELL
S-17147,CARR US,-3400,0,-3400,SELL
S-17147,OTIS US,-5000,0,-5000,SELL
S-17147,VNT US,6600,0,6600,BUY
P-47227,VNT US,5000,0,5000,BUY
P-36182,VNT US,2400,0,2400,BUY
S-17147,AON US,-2000,0,-2000,SELL
S-17147,ALAB US,3800,0,3800,BUY
P-36182,ALAB US,3200,0,3200,BUY
S-17147,MTCH US,15600,0,15600,BUY
P-47227,MTCH US,5500,0,5500,BUY
P-36182,MTCH US,5400,0,5400,BUY
S-17147,OWL US,-45800,-5400,-40400,SELL
P-47227,VTRS US,20000,11200,8800,BUY
S-17147,SOFI US,-55600,-34500,-21100,SELL
S-17147,GXO US,-3000,0,-3000,SELL
S-17147,EXE US,13800,8000,5800,BUY
S-17147,AUR US,41600,0,41600,BUY
P-36182,AUR US,103200,0,103200,BUY
S-17147,APO US,35000,0,35000,BUY
S-17147,FYBR US,-10800,-2600,-8200,SELL
S-17147,WBD US,-19200,0,-19200,SELL
S-17147,RYAN US,-6200,0,-6200,SELL
S-17147,KD US,29600,0,29600,BUY
S-17147,NU US,-171300,0,-171300,SELL
S-17147,GEV US,-200,0,-200,SELL
S-17147,BRBR US,-1600,0,-1600,SELL
S-17147,TPG US,-3200,0,-3200,SELL
S-17147,CEG US,119600,0,119600,BUY
P-36182,CEG US,400,0,400,BUY
S-17147,CR US,-1800,0,-1800,SELL
S-17147,CRBG US,-17400,-11500,-5900,SELL
P-36182,CRBG US,-3200,0,-3200,SELL
S-17147,SOLV US,400,0,400,BUY
P-47227,SOLV US,4000,0,4000,BUY
S-17147,J US,-2000,0,-2000,SELL
S-17147,FTAI US,8400,0,8400,BUY
P-36182,FTAI US,11000,0,11000,BUY
P-36182,VLTO US,1000,400,600,BUY
S-17147,GEHC US,-20233,0,-20233,SELL
S-17147,BAM US,59000,0,59000,BUY
P-36182,BAM US,41000,0,41000,BUY
S-17147,KVUE US,-16800,0,-16800,SELL
P-36182,KVUE US,-10200,0,-10200,SELL
S-17147,TLN US,1400,0,1400,BUY
P-36182,TLN US,4800,500,4300,BUY
S-17147,AU US,11000,0,11000,BUY
P-36182,AU US,50600,12500,38100,BUY
S-17147,FWONK US,9800,2500,7300,BUY
S-17147,BG US,-4400,0,-4400,SELL
P-47227,LBTYA US,17500,14200,3300,BUY
P-47227,LBTYK US,17500,14800,2700,BUY
S-17147,AS US,7000,0,7000,BUY
P-36182,AS US,9000,0,9000,BUY
S-17147,LH US,4800,1000,3800,BUY
S-17147,TEM US,4000,0,4000,BUY
P-36182,TEM US,8600,0,8600,BUY
S-17147,SW US,10800,0,10800,BUY
P-47227,SW US,4500,0,4500,BUY
S-17147,FERG US,-2400,0,-2400,SELL
S-17147,AMTM US,-6754,0,-6754,SELL
S-17147,BLK US,-4200,0,-4200,SELL
S-17147,SNDK US,-5166,-1400,-3766,SELL
S-17147,APTV US,-10000,0,-10000,SELL
S-17147,BEPC US,-9800,0,-9800,SELL
P-47227,RAL US,10000,2200,7800,BUY
P-36182,RAL US,7400,0,7400,BUY
S-17147,RKLB US,14000,0,14000,BUY
P-36182,RKLB US,39000,0,39000,BUY
S-17147,GLIBK US,1400,0,1400,BUY
P-47227,GLIBK US,8500,0,8500,BUY
S-17147,ABT US,-11800,-800,-11000,SELL
S-17147,AMD US,85400,0,85400,BUY
P-36182,AMD US,11800,0,11800,BUY
S-17147,AFL US,-17600,0,-17600,SELL
P-36182,AFL US,-1000,0,-1000,SELL
S-17147,HON US,-2400,0,-2400,SELL
P-36182,HON US,-11000,0,-11000,SELL
S-17147,AXP US,-6000,0,-6000,SELL
S-17147,AIG US,-20400,0,-20400,SELL
P-36182,AIG US,-1400,0,-1400,SELL
S-17147,ADI US,-26600,0,-26600,SELL
S-17147,ADM US,-7600,-3500,-4100,SELL
S-17147,ARW US,-400,0,-400,SELL
S-17147,ATO US,-600,0,-600,SELL
P-36182,ATO US,-800,0,-800,SELL
S-17147,ADP US,9800,0,9800,BUY
S-17147,AZO US,-600,0,-600,SELL
P-36182,AZO US,-200,0,-200,SELL
S-17147,AVY US,1400,0,1400,BUY
P-36182,AVY US,1400,0,1400,BUY
S-17147,BALL US,-9800,0,-9800,SELL
S-17147,BK US,-28600,0,-28600,SELL
P-36182,BK US,-1000,0,-1000,SELL
S-17147,BAX US,-3400,0,-3400,SELL
P-36182,BAX US,-4200,0,-4200,SELL
S-17147,AIT US,1400,0,1400,BUY
S-17147,BDX US,-2000,0,-2000,SELL
P-36182,BDX US,-5800,0,-5800,SELL
S-17147,VZ US,-73000,0,-73000,SELL
S-17147,BBY US,-7800,0,-7800,SELL
S-17147,BA US,20000,0,20000,BUY
P-36182,BA US,2600,0,2600,BUY
S-17147,BSX US,1800,0,1800,BUY
P-93050,BMY US,1346000,25800,1320200,BUY
S-17147,BF/B US,-12100,0,-12100,SELL
S-17147,BC US,4800,0,4800,BUY
P-47227,BC US,3500,0,3500,BUY
S-17147,CDNS US,-1000,0,-1000,SELL
S-17147,CPB US,-3600,0,-3600,SELL
S-17147,CSL US,-800,0,-800,SELL
P-36182,CSL US,-400,0,-400,SELL
S-17147,CRS US,2800,0,2800,BUY
P-36182,CRS US,6600,0,6600,BUY
S-17147,CAT US,-6600,0,-6600,SELL
S-17147,JPM US,-54200,0,-54200,SELL
P-36182,JPM US,-2400,0,-2400,SELL
S-17147,CHD US,7600,0,7600,BUY
P-36182,CHD US,1200,0,1200,BUY
S-17147,CLX US,-2800,0,-2800,SELL
S-17147,CMS US,-24600,0,-24600,SELL
S-17147,KO US,-124200,-1600,-122600,SELL
S-17147,CL US,-18800,0,-18800,SELL
P-36182,CL US,-13400,0,-13400,SELL
S-17147,CMA US,-2200,-1600,-600,SELL
S-17147,CAG US,-11000,-10500,-500,SELL
S-17147,ED US,-22800,0,-22800,SELL
P-36182,ED US,-1200,0,-1200,SELL
S-17147,CCK US,-1600,0,-1600,SELL
S-17147,CSX US,-35400,0,-35400,SELL
P-36182,CSX US,-3200,0,-3200,SELL
S-17147,CMI US,-800,0,-800,SELL
S-17147,DHR US,-9800,0,-9800,SELL
P-36182,DHR US,-1600,0,-1600,SELL
S-17147,TGT US,20400,0,20400,BUY
P-36182,TGT US,1200,0,1200,BUY
S-17147,DE US,-3400,0,-3400,SELL
P-36182,DE US,-400,0,-400,SELL
S-17147,DIS US,2200,0,2200,BUY
P-36182,DIS US,1000,0,1000,BUY
S-17147,D US,-147200,0,-147200,SELL
S-17147,DCI US,7800,0,7800,BUY
P-47227,DCI US,2500,0,2500,BUY
S-17147,DOV US,-2400,0,-2400,SELL
S-17147,ETN US,-5800,-400,-5400,SELL
S-17147,ECL US,7800,0,7800,BUY
S-17147,RVTY US,-2200,0,-2200,SELL
S-17147,EMR US,-1000,0,-1000,SELL
S-17147,ETR US,-1000,0,-1000,SELL
S-17147,EFX US,-800,0,-800,SELL
S-17147,EQT US,-8400,0,-8400,SELL
S-17147,NEU US,-600,0,-600,SELL
S-17147,FDX US,9400,0,9400,BUY
S-17147,FRT US,8400,0,8400,BUY
S-17147,M US,20600,0,20600,BUY
P-47227,M US,13000,0,13000,BUY
S-17147,FMC US,600,0,600,BUY
P-36182,FMC US,2800,0,2800,BUY
S-17147,F US,300200,0,300200,BUY
P-47227,F US,18000,0,18000,BUY
P-36182,F US,8800,0,8800,BUY
S-17147,NEE US,21200,0,21200,BUY
S-17147,BEN US,18200,0,18200,BUY
P-36182,BEN US,4200,0,4200,BUY
S-17147,FCX US,-11000,0,-11000,SELL
P-36182,FCX US,-43600,0,-43600,SELL
S-17147,AJG US,-600,0,-600,SELL
P-36182,GAP US,4200,3000,1200,BUY
S-17147,GD US,14400,0,14400,BUY
P-36182,GD US,3000,0,3000,BUY
S-17147,GE US,-19200,0,-19200,SELL
P-36182,GE US,-11200,0,-11200,SELL
S-17147,GIS US,-1400,0,-1400,SELL
S-17147,GPC US,-2300,0,-2300,SELL
P-47227,GPC US,-1500,0,-1500,SELL
S-17147,GWW US,-400,0,-400,SELL
P-47227,GWW US,-500,0,-500,SELL
P-36182,GWW US,-200,0,-200,SELL
S-17147,HAL US,-2800,0,-2800,SELL
P-47227,HAL US,-27000,0,-27000,SELL
S-17147,LHX US,13200,1000,12200,BUY
S-17147,DOC US,-11600,0,-11600,SELL
P-36182,DOC US,-5600,0,-5600,SELL
S-17147,HSY US,-4000,0,-4000,SELL
P-47227,HSY US,-1500,0,-1500,SELL
P-36182,HSY US,-600,0,-600,SELL
P-47227,HPQ US,7500,2600,4900,BUY
P-36182,HPQ US,3600,0,3600,BUY
S-17147,HXL US,11400,0,11400,BUY
S-17147,HD US,800,600,200,BUY
S-17147,HRL US,-6400,0,-6400,SELL
S-17147,CNP US,-1600,0,-1600,SELL
S-17147,HUBB US,-600,0,-600,SELL
P-36182,HUBB US,-400,0,-400,SELL
S-17147,HUM US,-800,0,-800,SELL
P-47227,HUM US,-1000,0,-1000,SELL
S-17147,IDA US,2000,0,2000,BUY
S-17147,ITW US,-4200,0,-4200,SELL
P-36182,ITW US,-600,0,-600,SELL
S-17147,TT US,-3200,0,-3200,SELL
P-36182,TT US,-400,0,-400,SELL
S-17147,IBM US,6400,0,6400,BUY
S-17147,IFF US,-800,0,-800,SELL
P-36182,JNJ US,-19400,-1400,-18000,SELL
S-17147,K US,-5000,0,-5000,SELL
P-36182,K US,-38600,0,-38600,SELL
S-17147,KMB US,-2400,0,-2400,SELL
S-17147,KIM US,-10400,-9000,-1400,SELL
P-61230,KSS US,12382,11100,1282,BUY
S-17147,KR US,-17000,0,-17000,SELL
S-17147,JEF US,-6000,0,-6000,SELL
S-17147,LLY US,-9800,0,-9800,SELL
P-36182,LLY US,-1000,0,-1000,SELL
P-36182,LNC US,2600,2400,200,BUY
S-17147,L US,-3700,0,-3700,SELL
P-36182,LOW US,-800,-600,-200,SELL
S-17147,MAN US,-3600,-2800,-800,SELL
S-17147,HST US,3600,0,3600,BUY
P-47227,HST US,11500,0,11500,BUY
S-17147,MMC US,-7600,0,-7600,SELL
P-36182,MMC US,-600,0,-600,SELL
S-17147,MAS US,-6800,0,-6800,SELL
S-17147,MAT US,-8200,-5600,-2600,SELL
S-17147,MCD US,-25800,0,-25800,SELL
P-36182,MCD US,-400,0,-400,SELL
S-17147,SPGI US,-5600,0,-5600,SELL
S-17147,MDU US,24400,0,24400,BUY
S-17147,MDT US,-15800,0,-15800,SELL
P-36182,MDT US,-1800,0,-1800,SELL
S-17147,CVS US,-32000,0,-32000,SELL
S-17147,MRK US,172800,0,172800,BUY
P-36182,MRK US,1200,0,1200,BUY
S-17147,MGM US,-16800,0,-16800,SELL
P-36182,MGM US,-2800,0,-2800,SELL
S-17147,MU US,-7000,-800,-6200,SELL
S-17147,MMM US,-33600,0,-33600,SELL
S-17147,MSI US,-2800,0,-2800,SELL
S-17147,MLI US,4000,0,4000,BUY
S-17147,BAC US,-100800,0,-100800,SELL
S-17147,NFG US,4600,0,4600,BUY
S-17147,THC US,-3600,0,-3600,SELL
S-17147,NWL US,-35200,0,-35200,SELL
S-17147,NEM US,2200,0,2200,BUY
S-17147,NKE US,1600,0,1600,BUY
S-17147,NI US,-27000,-5000,-22000,SELL
S-17147,NSC US,-2600,0,-2600,SELL
S-17147,ES US,-27400,0,-27400,SELL
S-17147,NOC US,-1400,0,-1400,SELL
P-36182,NOC US,-800,0,-800,SELL
S-17147,WFC US,-77400,-1400,-76000,SELL
S-17147,NUE US,-21600,0,-21600,SELL
P-47227,OXY US,-8500,-1600,-6900,SELL
S-17147,OMC US,10000,0,10000,BUY
P-36182,OMC US,9400,0,9400,BUY
S-17147,OKE US,-4600,0,-4600,SELL
S-17147,PCG US,432000,0,432000,BUY
S-17147,PH US,-1600,0,-1600,SELL
P-93050,PH US,-1000,0,-1000,SELL
P-36182,PH US,-200,0,-200,SELL
P-47227,PPL US,6000,800,5200,BUY
S-17147,PEP US,-14200,-6000,-8200,SELL
P-36182,PEP US,-7800,0,-7800,SELL
S-17147,PFE US,-71400,-31000,-40400,SELL
P-36182,PFE US,-25600,0,-25600,SELL
S-17147,EXC US,-45600,0,-45600,SELL
P-36182,EXC US,-53600,0,-53600,SELL
S-17147,WTRG US,600,0,600,BUY
S-17147,MO US,-134900,0,-134900,SELL
S-17147,PVH US,-5100,0,-5100,SELL
S-17147,PHM US,-10600,0,-10600,SELL
S-17147,PNC US,-6200,-4000,-2200,SELL
S-17147,PPG US,-5200,0,-5200,SELL
S-17147,C US,-34800,-1200,-33600,SELL
S-17147,PG US,63200,0,63200,BUY
P-36182,PG US,800,0,800,BUY
S-17147,PGR US,-9000,-4000,-5000,SELL
P-36182,PGR US,-800,0,-800,SELL
S-17147,PEG US,34600,0,34600,BUY
S-17147,RLI US,-5200,0,-5200,SELL
S-17147,RHI US,6600,0,6600,BUY
S-17147,ROL US,-13800,0,-13800,SELL
S-17147,R US,3000,0,3000,BUY
S-17147,EIX US,-21600,0,-21600,SELL
S-17147,SLB US,600,0,600,BUY
P-93050,SLB US,144000,12400,131600,BUY
S-17147,SHW US,-3600,0,-3600,SELL
S-17147,TFC US,-24000,-2400,-21600,SELL
S-17147,LUV US,7000,0,7000,BUY
S-17147,T US,7200,0,7200,BUY
P-36182,T US,3600,0,3600,BUY
S-17147,TRV US,-4000,-3000,-1000,SELL
P-36182,TRV US,-400,0,-400,SELL
S-17147,SWK US,-10400,0,-10400,SELL
S-17147,PSA US,-4000,-3000,-1000,SELL
S-17147,SYY US,-18600,0,-18600,SELL
P-36182,SYY US,-1400,0,-1400,SELL
S-17147,TXN US,-7800,-600,-7200,SELL
S-17147,TXT US,-2000,0,-2000,SELL
S-17147,TMO US,-4000,0,-4000,SELL
P-36182,TMO US,-400,0,-400,SELL
S-17147,THO US,-1200,0,-1200,SELL
P-47227,THO US,-2000,0,-2000,SELL
S-17147,TKR US,-800,0,-800,SELL
S-17147,TJX US,-32400,-6000,-26400,SELL
P-36182,TJX US,-1000,0,-1000,SELL
S-17147,TOL US,-800,0,-800,SELL
P-36182,TOL US,-800,0,-800,SELL
S-17147,TTC US,2800,0,2800,BUY
P-36182,TTC US,1400,0,1400,BUY
S-17147,JCI US,78600,0,78600,BUY
P-93050,JCI US,7000,0,7000,BUY
S-17147,UGI US,-600,0,-600,SELL
S-17147,UNP US,2000,0,2000,BUY
S-17147,UDR US,-5600,0,-5600,SELL
S-17147,UNH US,-8000,0,-8000,SELL
P-36182,UNH US,-2800,0,-2800,SELL
S-17147,RTX US,-187200,-5800,-181400,SELL
S-17147,UNM US,-4400,0,-4400,SELL
P-36182,UNM US,-1600,0,-1600,SELL
S-17147,VTR US,-6000,0,-6000,SELL
P-36182,VTR US,-1600,0,-1600,SELL
P-47227,VFC US,13500,11400,2100,BUY
S-17147,VNO US,400,0,400,BUY
S-17147,VMC US,7200,1000,6200,BUY
S-17147,WMT US,-92400,0,-92400,SELL
P-36182,WDC US,1200,500,700,BUY
S-17147,WY US,-72000,0,-72000,SELL
S-17147,WHR US,5200,0,5200,BUY
S-17147,WEC US,-400,0,-400,SELL
S-17147,LNT US,-400,0,-400,SELL
S-17147,ADBE US,-1400,0,-1400,SELL
P-36182,ADBE US,-400,0,-400,SELL
S-17147,AES US,9600,0,9600,BUY
P-47227,AES US,16000,0,16000,BUY
S-17147,AMGN US,-3600,-3000,-600,SELL
S-17147,AAPL US,17800,0,17800,BUY
P-36182,AAPL US,4400,0,4400,BUY
S-17147,ADSK US,600,0,600,BUY
S-17147,CTAS US,-1200,0,-1200,SELL
P-36182,CTAS US,-600,0,-600,SELL
S-17147,CSCO US,-104200,0,-104200,SELL
P-36182,CSCO US,-1600,0,-1600,SELL
S-17147,CMCSA US,-84000,-3000,-81000,SELL
P-47227,TAP US,4500,4000,500,BUY
S-17147,INTC US,16200,0,16200,BUY
P-93050,INTC US,31000,0,31000,BUY
P-36182,INTC US,28000,0,28000,BUY
S-17147,KLAC US,7200,0,7200,BUY
P-36182,KLAC US,400,0,400,BUY
S-17147,MKC US,2600,0,2600,BUY
S-17147,MSFT US,-11400,-600,-10800,SELL
S-17147,ORCL US,1000,0,1000,BUY
P-36182,ORCL US,6000,0,6000,BUY
S-17147,PCAR US,127600,0,127600,BUY
P-93050,PCAR US,8000,0,8000,BUY
P-36182,PCAR US,1200,0,1200,BUY
S-17147,PRGO US,-1000,0,-1000,SELL
S-17147,COST US,-12200,0,-12200,SELL
P-36182,COST US,-800,0,-800,SELL
S-17147,SON US,-4200,0,-4200,SELL
S-17147,SYK US,-4000,0,-4000,SELL
P-47227,TSN US,4000,1600,2400,BUY
P-36182,AAON US,1200,400,800,BUY
P-47227,SWKS US,3000,1200,1800,BUY
S-17147,WRB US,-2200,0,-2200,SELL
S-17147,CAH US,-2600,0,-2600,SELL
P-36182,CAH US,-1200,0,-1200,SELL
S-17147,CINF US,-1000,0,-1000,SELL
S-17147,CLH US,-3600,0,-3600,SELL
S-17147,DHI US,-1600,0,-1600,SELL
S-17147,FLS US,-1200,0,-1200,SELL
S-17147,EA US,13600,0,13600,BUY
P-36182,EA US,600,0,600,BUY
S-17147,EXPD US,-2800,0,-2800,SELL
P-47227,EXPD US,-2000,0,-2000,SELL
S-17147,FAST US,-12400,-4500,-7900,SELL
S-17147,MTB US,-3000,0,-3000,SELL
P-47227,MTB US,-1500,0,-1500,SELL
S-17147,FISV US,-2800,0,-2800,SELL
S-17147,FITB US,57600,0,57600,BUY
P-47227,FITB US,4500,0,4500,BUY
S-17147,GILD US,-11800,-1000,-10800,SELL
S-17147,HAS US,-4200,-1400,-2800,SELL
S-17147,HBAN US,-22000,0,-22000,SELL
S-17147,WELL US,3400,0,3400,BUY
P-36182,WELL US,600,0,600,BUY
S-17147,HOLX US,15000,0,15000,BUY
P-36182,HOLX US,5200,0,5200,BUY
S-17147,IDXX US,-800,0,-800,SELL
S-17147,COHR US,6000,0,6000,BUY
P-36182,COHR US,1000,0,1000,BUY
S-17147,JBHT US,-1800,0,-1800,SELL
S-17147,LRCX US,-6600,0,-6600,SELL
S-17147,LSCC US,4800,0,4800,BUY
S-17147,MSA US,3000,0,3000,BUY
S-17147,MHK US,-600,0,-600,SELL
S-17147,ONTO US,-1400,0,-1400,SELL
S-17147,NDSN US,1400,0,1400,BUY
S-17147,NNN US,-10400,-5000,-5400,SELL
S-17147,NTRS US,-7800,0,-7800,SELL
P-36182,NTRS US,-1000,0,-1000,SELL
S-17147,NYT US,10600,0,10600,BUY
P-47227,NYT US,3500,0,3500,BUY
P-36182,NYT US,1800,0,1800,BUY
S-17147,ODFL US,-1800,0,-1800,SELL
S-17147,OSK US,3800,0,3800,BUY
S-17147,PAYX US,-3200,0,-3200,SELL
S-17147,CUZ US,3200,0,3200,BUY
S-17147,PNR US,-2800,0,-2800,SELL
S-17147,BRO US,-1000,0,-1000,SELL
S-17147,QCOM US,1000,0,1000,BUY
P-36182,QCOM US,800,0,800,BUY
S-17147,RRX US,3800,0,3800,BUY
S-17147,REGN US,-800,0,-800,SELL
S-17147,RGEN US,-2600,0,-2600,SELL
S-17147,RGLD US,2200,0,2200,BUY
S-17147,ROP US,1000,0,1000,BUY
S-17147,ROST US,-10000,0,-10000,SELL
S-17147,RPM US,-1800,0,-1800,SELL
S-17147,SBUX US,63400,0,63400,BUY
P-93050,SBUX US,10000,0,10000,BUY
S-17147,SEIC US,-3400,0,-3400,SELL
S-17147,AOS US,-2800,0,-2800,SELL
S-17147,SNPS US,1800,0,1800,BUY
P-93050,SNPS US,31000,0,31000,BUY
P-36182,SNPS US,3000,0,3000,BUY
S-17147,KEY US,-13000,0,-13000,SELL
S-17147,STT US,-11600,0,-11600,SELL
P-36182,STT US,-2400,0,-2400,SELL
S-17147,USB US,-22600,-18200,-4400,SELL
S-17147,TRMB US,-3800,0,-3800,SELL
S-17147,TROW US,-7400,0,-7400,SELL
S-17147,WM US,53600,0,53600,BUY
S-17147,VMI US,-400,0,-400,SELL
P-47227,VMI US,-1000,0,-1000,SELL
P-36182,VMI US,-400,0,-400,SELL
S-17147,VRTX US,-2600,0,-2600,SELL
S-17147,TTEK US,17600,0,17600,BUY
P-36182,TTEK US,7400,0,7400,BUY
S-17147,STZ US,-8000,0,-8000,SELL
P-36182,STZ US,-2200,0,-2200,SELL
S-17147,WSM US,-4400,0,-4400,SELL
S-17147,WSO US,-800,0,-800,SELL
P-36182,WSO US,-400,0,-400,SELL
P-47227,XRAY US,15000,2200,12800,BUY
S-17147,ZBRA US,-800,0,-800,SELL
P-47227,ZBRA US,-1000,0,-1000,SELL
P-36182,ZBRA US,-400,0,-400,SELL
S-17147,IVZ US,-12200,-4600,-7600,SELL
S-17147,OHI US,-1600,0,-1600,SELL
S-17147,LFUS US,-200,0,-200,SELL
P-47227,LFUS US,-1000,0,-1000,SELL
P-36182,LFUS US,-400,0,-400,SELL
S-17147,INTU US,-1400,0,-1400,SELL
P-36182,INTU US,-200,0,-200,SELL
S-17147,MS US,128000,0,128000,BUY
P-93050,MS US,5000,0,5000,BUY
P-36182,MS US,1000,0,1000,BUY
S-17147,MCHP US,-1800,0,-1800,SELL
S-17147,CB US,-10600,0,-10600,SELL
P-36182,CB US,-800,0,-800,SELL
S-17147,ELS US,-4200,0,-4200,SELL
S-17147,JBL US,-1000,0,-1000,SELL
S-17147,ATR US,-600,0,-600,SELL
S-17147,CHDN US,-1600,0,-1600,SELL
S-17147,RCL US,1400,1000,400,BUY
P-36182,RCL US,400,0,400,BUY
S-17147,ALL US,-3800,0,-3800,SELL
P-47227,ALL US,-1000,0,-1000,SELL
P-36182,ALL US,-1000,0,-1000,SELL
S-17147,RGA US,-1200,0,-1200,SELL
P-36182,RGA US,-600,0,-600,SELL
S-17147,EQR US,-2400,0,-2400,SELL
S-17147,BWA US,-8600,-2400,-6200,SELL
S-17147,IT US,-600,0,-600,SELL
P-36182,IT US,-600,0,-600,SELL
S-17147,DECK US,-2800,0,-2800,SELL
S-17147,INCY US,11400,0,11400,BUY
P-36182,INCY US,1200,0,1200,BUY
S-17147,REG US,-4600,0,-4600,SELL
S-17147,SUI US,8400,2000,6400,BUY
S-17147,SPG US,-6800,0,-6800,SELL
S-17147,MAA US,12200,0,12200,BUY
S-17147,RNR US,-1200,0,-1200,SELL
S-17147,EMN US,400,0,400,BUY
S-17147,AVB US,30600,0,30600,BUY
S-17147,TSCO US,-15600,-3500,-12100,SELL
P-36182,ALB US,-3400,-400,-3000,SELL
S-17147,LECO US,-600,0,-600,SELL
S-17147,WWD US,-2600,0,-2600,SELL
P-47227,WWD US,-1000,0,-1000,SELL
S-17147,FLEX US,43400,0,43400,BUY
P-36182,FLEX US,12000,0,12000,BUY
S-17147,ADC US,3200,0,3200,BUY
P-47227,ADC US,3000,0,3000,BUY
S-17147,PRU US,-6400,0,-6400,SELL
S-17147,UPS US,11400,0,11400,BUY
P-93050,UPS US,9000,0,9000,BUY
S-17147,HIW US,14200,0,14200,BUY
S-17147,ESS US,-1200,0,-1200,SELL
S-17147,LNG US,1400,1000,400,BUY
P-36182,LNG US,600,0,600,BUY
S-17147,FRHC US,1600,0,1600,BUY
P-36182,FRHC US,1800,0,1800,BUY
S-17147,O US,-5400,0,-5400,SELL
P-36182,O US,-1800,0,-1800,SELL
S-17147,MCK US,400,0,400,BUY
S-17147,EME US,1600,0,1600,BUY
S-17147,COR US,-3600,0,-3600,SELL
P-47227,COR US,-1000,0,-1000,SELL
P-36182,COR US,-400,0,-400,SELL
P-36182,COF US,-1000,-200,-800,SELL
S-17147,ALLY US,-6200,0,-6200,SELL
S-17147,SLGN US,7600,0,7600,BUY
P-47227,SLGN US,5000,0,5000,BUY
P-47227,WAT US,-1000,0,-1000,SELL
P-36182,WAT US,-400,-200,-200,SELL
S-17147,DLTR US,-5000,0,-5000,SELL
P-47227,DLTR US,-2500,0,-2500,SELL
S-17147,COTY US,-36900,0,-36900,SELL
S-17147,DRI US,-4200,0,-4200,SELL
P-47227,DRI US,-1000,0,-1000,SELL
P-36182,DRI US,-600,0,-600,SELL
S-17147,ACGL US,-5200,0,-5200,SELL
S-17147,HSIC US,-2800,0,-2800,SELL
S-17147,WAB US,-8000,0,-8000,SELL
P-47227,WAB US,-1500,0,-1500,SELL
S-17147,POOL US,2000,1000,1000,BUY
S-17147,DVA US,-400,0,-400,SELL
P-47227,HIG US,-2000,-400,-1600,SELL
S-17147,IRM US,-25800,0,-25800,SELL
S-17147,FCN US,-600,0,-600,SELL
S-17147,LAZ US,-3600,0,-3600,SELL
S-17147,FDS US,-600,0,-600,SELL
P-36182,FDS US,-400,0,-400,SELL
S-17147,PEGA US,3200,0,3200,BUY
P-36182,PEGA US,1800,0,1800,BUY
S-17147,EG US,-5000,0,-5000,SELL
P-47227,EG US,-1000,0,-1000,SELL
P-36182,EG US,-400,0,-400,SELL
S-17147,EL US,-6000,0,-6000,SELL
S-17147,PFG US,4600,0,4600,BUY
P-47227,QGEN US,4500,2400,2100,BUY
P-36182,QGEN US,2200,0,2200,BUY
S-17147,MTN US,-1600,0,-1600,SELL
P-36182,MTN US,-800,0,-800,SELL
S-17147,LAMR US,-5800,0,-5800,SELL
S-17147,STLD US,-7200,0,-7200,SELL
S-17147,MTD US,-200,0,-200,SELL
P-36182,MTD US,-200,0,-200,SELL
S-17147,KRC US,5000,0,5000,BUY
S-17147,DGX US,-400,0,-400,SELL
P-47227,DGX US,-1500,0,-1500,SELL
S-17147,ROK US,-1200,0,-1200,SELL
P-47227,ROK US,-1000,0,-1000,SELL
P-36182,ROK US,-400,0,-400,SELL
S-17147,SSB US,6400,0,6400,BUY
S-17147,AMT US,-6000,0,-6000,SELL
S-17147,CIEN US,2600,0,2600,BUY
P-36182,CIEN US,800,0,800,BUY
S-17147,NLY US,52600,0,52600,BUY
S-17147,ARE US,-600,0,-600,SELL
S-17147,AMZN US,476600,0,476600,BUY
P-36182,AMZN US,32200,0,32200,BUY
S-17147,VOYA US,10600,0,10600,BUY
P-36182,VOYA US,1400,0,1400,BUY
S-17147,AMG US,-1800,0,-1800,SELL
P-47227,AMG US,-1000,0,-1000,SELL
P-93050,KKR US,6000,5200,800,BUY
S-17147,COLM US,-3000,0,-3000,SELL
S-17147,RL US,-1200,0,-1200,SELL
P-36182,RL US,-400,0,-400,SELL
S-17147,TTWO US,-1200,0,-1200,SELL
P-36182,TTWO US,-600,0,-600,SELL
S-17147,BXP US,-9200,-3000,-6200,SELL
S-17147,JLL US,-800,0,-800,SELL
S-17147,APH US,-5000,0,-5000,SELL
S-17147,AME US,-3000,0,-3000,SELL
P-47227,AME US,-1500,0,-1500,SELL
S-17147,CHRW US,-2600,0,-2600,SELL
P-36182,CHRW US,-1000,0,-1000,SELL
S-17147,ACN US,-6400,0,-6400,SELL
S-17147,YUM US,-12000,0,-12000,SELL
S-17147,PLD US,-22400,-7000,-15400,SELL
S-17147,URI US,-1600,0,-1600,SELL
S-17147,BX US,39800,0,39800,BUY
P-93050,BX US,5000,0,5000,BUY
P-36182,BX US,1800,0,1800,BUY
S-17147,FE US,22800,0,22800,BUY
S-17147,PWR US,-800,0,-800,SELL
P-47227,PWR US,-500,0,-500,SELL
S-17147,RBA US,-3000,-1000,-2000,SELL
S-17147,DOX US,-1000,0,-1000,SELL
S-17147,CG US,31000,0,31000,BUY
S-17147,CCI US,-10600,0,-10600,SELL
S-17147,WPC US,-1800,0,-1800,SELL
S-17147,AEE US,-600,0,-600,SELL
S-17147,NVDA US,-98200,-7400,-90800,SELL
S-17147,SEE US,8400,0,8400,BUY
P-47227,SEE US,6500,0,6500,BUY
S-17147,CTSH US,-2800,0,-2800,SELL
S-17147,ISRG US,-1600,0,-1600,SELL
S-17147,SBAC US,-1000,0,-1000,SELL
P-47227,SBAC US,-1500,0,-1500,SELL
S-17147,CSGP US,5200,0,5200,BUY
S-17147,TREX US,-3200,-1800,-1400,SELL
S-17147,RSG US,3600,0,3600,BUY
S-17147,EBAY US,-22400,0,-22400,SELL
P-36182,EBAY US,-2400,0,-2400,SELL
S-17147,GS US,-11400,-1200,-10200,SELL
S-17147,SRE US,8000,0,8000,BUY
S-17147,ON US,-7600,0,-7600,SELL
P-36182,ON US,-2400,0,-2400,SELL
P-93050,MCO US,2000,1800,200,BUY
P-47227,CNC US,6500,2800,3700,BUY
S-17147,AAP US,-5800,0,-5800,SELL
S-17147,BKNG US,-200,0,-200,SELL
S-17147,AGO US,-1600,0,-1600,SELL
S-17147,EWBC US,-3200,0,-3200,SELL
P-47227,ILMN US,-11000,-800,-10200,SELL
P-47227,AKAM US,3000,400,2600,BUY
P-36182,AKAM US,1400,0,1400,BUY
S-17147,NFLX US,-11000,-200,-10800,SELL
S-17147,A US,-3800,0,-3800,SELL
P-36182,A US,-2200,0,-2200,SELL
S-17147,ELV US,-2400,0,-2400,SELL
P-36182,ELV US,-400,0,-400,SELL
S-17147,BSY US,9800,0,9800,BUY
S-17147,HLI US,-4600,0,-4600,SELL
S-17147,LII US,-600,0,-600,SELL
P-47227,LII US,-500,0,-500,SELL
S-17147,BLDR US,-2200,0,-2200,SELL
S-17147,CRL US,-600,0,-600,SELL
P-36182,CRL US,-800,0,-800,SELL
S-17147,DTE US,-27000,0,-27000,SELL
S-17147,NDAQ US,-5000,0,-5000,SELL
S-17147,MKTX US,-1200,0,-1200,SELL
S-17147,CRM US,7400,0,7400,BUY
P-36182,CRM US,2400,0,2400,BUY
S-17147,TDY US,-600,0,-600,SELL
P-47227,TDY US,-500,0,-500,SELL
P-36182,TDY US,-1600,0,-1600,SELL
S-17147,MET US,46200,0,46200,BUY
P-36182,MET US,1400,0,1400,BUY
S-17147,MDLZ US,89000,0,89000,BUY
S-17147,INSM US,7600,0,7600,BUY
P-36182,INSM US,10600,0,10600,BUY
S-17147,TPR US,-4400,-1000,-3400,SELL
S-17147,GPN US,-3200,-1200,-2000,SELL
S-17147,GRMN US,-800,0,-800,SELL
P-36182,GRMN US,-600,0,-600,SELL
P-93050,EW US,10000,6800,3200,BUY
S-17147,XEL US,-600,0,-600,SELL
S-17147,ALGN US,-1200,0,-1200,SELL
P-36182,ALGN US,-800,0,-800,SELL
S-17147,FLO US,-14400,0,-14400,SELL
S-17147,AXON US,800,500,300,BUY
S-17147,ZBH US,-2200,-1000,-1200,SELL
S-17147,WTW US,7600,1000,6600,BUY
S-17147,AYI US,-800,0,-800,SELL
P-36182,AYI US,-400,0,-400,SELL
S-17147,ICE US,600,0,600,BUY
S-17147,AWI US,-1200,0,-1200,SELL
P-47227,AWI US,-1500,0,-1500,SELL
S-17147,FIS US,-8200,-1600,-6600,SELL
S-17147,XPO US,-2600,0,-2600,SELL
P-93050,CVX US,3319000,0,3319000,BUY
P-93050,XOM US,-4455603,0,-4455603,SELL
P-36182,XOM US,-146942,0,-146942,SELL
P-93050,ORLY US,8000,4800,3200,BUY
P-93050,CPRT US,16000,0,16000,BUY
P-93050,SCCO US,8000,0,8000,BUY
P-36182,SCCO US,1000,0,1000,BUY
P-61230,APLD US,6936,0,6936,BUY
P-61230,BANC US,6717,0,6717,BUY
P-61230,CVCO US,-231,0,-231,SELL
P-61230,MNKD US,26393,0,26393,BUY
P-61230,HLF US,11592,0,11592,BUY
P-61230,CYRX US,12056,0,12056,BUY
P-61230,EYPT US,9403,0,9403,BUY
P-61230,SBH US,6984,0,6984,BUY
P-61230,FOLD US,17198,0,17198,BUY
P-61230,AVAV US,935,0,935,BUY
P-61230,HOUS US,20229,0,20229,BUY
P-61230,CVI US,-5058,0,-5058,SELL
P-61230,ABUS US,26528,0,26528,BUY
P-61230,FTLF US,-6652,0,-6652,SELL
P-61230,DMAC US,-17856,0,-17856,SELL
P-61230,VTLE US,9530,0,9530,BUY
P-61230,BE US,1669,0,1669,BUY
P-61230,VC US,-847,0,-847,SELL
P-61230,ARDX US,17094,0,17094,BUY
P-61230,LC US,6896,0,6896,BUY
P-61230,RUN US,10714,0,10714,BUY
P-61230,PBPB US,7242,0,7242,BUY
P-61230,UNIT US,45754,0,45754,BUY
P-61230,PHLT US,21442,0,21442,BUY
P-61230,AEBI US,10806,0,10806,BUY
P-61230,BLZE US,16023,0,16023,BUY
P-61230,COMM US,10967,0,10967,BUY
P-61230,ABAT US,-48163,0,-48163,SELL
P-61230,ASC US,9577,0,9577,BUY
P-61230,PVLA US,-2707,0,-2707,SELL
P-61230,CC US,8974,0,8974,BUY
P-61230,CTRE US,5262,0,5262,BUY
P-61230,ATLN US,-44460,0,-44460,SELL
P-61230,COGT US,10835,0,10835,BUY
P-61230,RYTM US,-1052,0,-1052,SELL
P-61230,CD US,-14472,0,-14472,SELL
P-61230,TXG US,8860,0,8860,BUY
P-61230,LDI US,-50900,0,-50900,SELL
P-61230,AMR US,-1854,0,-1854,SELL
P-61230,INSG US,-8232,0,-8232,SELL
P-61230,DK US,-5398,0,-5398,SELL
P-61230,IMXI US,8851,0,8851,BUY
P-61230,AVAH US,12348,0,12348,BUY
P-61230,BTU US,39136,0,39136,BUY
P-61230,HCC US,-1967,0,-1967,SELL
P-61230,PENG US,17052,0,17052,BUY
P-61230,MGY US,59591,0,59591,BUY
P-61230,TDW US,-1949,0,-1949,SELL
P-61230,CNR US,16921,0,16921,BUY
P-61230,CELC US,2219,0,2219,BUY
P-61230,BORR US,54395,0,54395,BUY
P-61230,ACTU US,-15320,0,-15320,SELL
P-61230,AIOT US,22838,0,22838,BUY
P-61230,TSHA US,31872,0,31872,BUY
P-61230,NUVB US,31654,0,31654,BUY
P-61230,REAX US,20008,0,20008,BUY
P-61230,TNGX US,17941,0,17941,BUY
P-61230,SHLS US,17318,0,17318,BUY
P-61230,OLO US,47928,0,47928,BUY
P-61230,DRUG US,-2630,0,-2630,SELL
P-61230,VMEO US,13104,0,13104,BUY
P-61230,STGW US,21757,0,21757,BUY
P-61230,MLYS US,4745,0,4745,BUY
P-61230,BETR US,-6531,0,-6531,SELL
P-61230,ZETA US,5400,0,5400,BUY
P-61230,SLDP US,43136,0,43136,BUY
P-61230,FWRG US,28594,0,28594,BUY
P-61230,UPB US,6440,0,6440,BUY
P-61230,KLG US,4829,0,4829,BUY
P-61230,AMPX US,17758,0,17758,BUY
P-61230,TIC US,21797,0,21797,BUY
P-61230,CTRI US,13645,0,13645,BUY
P-61230,GRAL US,9751,0,9751,BUY
P-61230,CAL US,8173,0,8173,BUY
P-61230,MODG US,12965,0,12965,BUY
P-61230,LUMN US,24409,0,24409,BUY
P-61230,CDE US,10800,0,10800,BUY
P-61230,GCO US,3156,0,3156,BUY
P-61230,HL US,12962,0,12962,BUY
P-61230,WKC US,-4040,0,-4040,SELL
P-61230,MUR US,-4191,0,-4191,SELL
P-61230,NC US,-3826,0,-3826,SELL
P-61230,SPXC US,543,0,543,BUY
P-61230,RGR US,5133,0,5133,BUY
P-61230,BELFB US,-864,0,-864,SELL
P-47227,COLB US,38000,26816,11184,BUY
P-61230,DJCO US,-209,0,-209,SELL
P-61230,ELA US,-15174,0,-15174,SELL
P-61230,WT US,9016,0,9016,BUY
P-61230,STRL US,-350,0,-350,SELL
P-61230,HWKN US,-620,0,-620,SELL
P-61230,PNRG US,-688,0,-688,SELL
P-61230,SFNC US,7049,0,7049,BUY
P-61230,STAA US,4645,0,4645,BUY
P-61230,VLY US,10570,0,10570,BUY
P-61230,FMNB US,7070,0,7070,BUY
P-61230,KAI US,-331,0,-331,SELL
P-61230,WINA US,-272,0,-272,SELL
P-61230,RIG US,-35208,0,-35208,SELL
P-61230,VIAV US,9810,0,9810,BUY
P-61230,AEO US,5931,0,5931,BUY
P-61230,TLS US,16336,0,16336,BUY
P-61230,GEO US,43731,0,43731,BUY
P-61230,PLPC US,-547,0,-547,SELL
P-61230,NWBI US,9747,0,9747,BUY
P-61230,SVRA US,26592,0,26592,BUY
P-61230,VSAT US,4958,0,4958,BUY
P-61230,SWBI US,14047,0,14047,BUY
P-61230,CXW US,34501,0,34501,BUY
P-61230,AEHR US,6372,0,6372,BUY
P-61230,CFFN US,16435,0,16435,BUY
P-61230,KTOS US,4332,0,4332,BUY
P-61230,PLUG US,72809,0,72809,BUY
P-61230,BBBY US,9932,0,9932,BUY
P-47227,TFSL US,29000,0,29000,BUY
P-47227,WAL US,2500,0,2500,BUY
P-47227,WU US,23500,0,23500,BUY
P-36182,WU US,12000,0,12000,BUY
P-47227,LOPE US,-1000,0,-1000,SELL
P-36182,LOPE US,-600,0,-600,SELL
P-47227,MTDR US,46500,0,46500,BUY
P-36182,MTDR US,62600,0,62600,BUY
P-47227,GFS US,6500,0,6500,BUY
P-47227,GNRC US,-1500,0,-1500,SELL
P-36182,GNRC US,-600,0,-600,SELL
P-47227,HR US,11000,6000,5000,BUY
P-47227,AR US,-19500,0,-19500,SELL
P-47227,AL US,3500,0,3500,BUY
P-47227,TRGP US,-4000,-3200,-800,SELL
P-47227,FIVE US,-1500,-800,-700,SELL
P-47227,KMI US,-16000,0,-16000,SELL
P-47227,W US,2500,0,2500,BUY
P-36182,W US,1200,0,1200,BUY
P-47227,PEN US,-1000,0,-1000,SELL
P-36182,PEN US,-400,0,-400,SELL
P-47227,MPC US,-5500,0,-5500,SELL
P-47227,PSTG US,2500,0,2500,BUY
P-36182,PSTG US,2800,0,2800,BUY
P-47227,PINS US,6000,0,6000,BUY
P-36182,PINS US,3800,0,3800,BUY
P-47227,PSX US,-2000,0,-2000,SELL
P-36182,FANG US,20000,6000,14000,BUY
P-47227,ZS US,-1000,0,-1000,SELL
P-36182,ZS US,-400,0,-400,SELL
P-47227,BFAM US,-2000,0,-2000,SELL
P-47227,LYFT US,11000,0,11000,BUY
P-36182,LYFT US,10800,0,10800,BUY
P-47227,PCTY US,-1500,0,-1500,SELL
P-47227,ROIV US,15000,7400,7600,BUY
P-47227,APPF US,-1000,0,-1000,SELL
P-47227,SHC US,13000,0,13000,BUY
P-47227,PR US,254000,0,254000,BUY
P-36182,PR US,66000,0,66000,BUY
P-47227,GTLB US,4500,0,4500,BUY
P-36182,GTLB US,2000,0,2000,BUY
P-47227,FTI US,-21000,0,-21000,SELL
P-36182,FTI US,-37800,0,-37800,SELL
P-47227,ELF US,-1500,-800,-700,SELL
P-47227,CIVI US,36500,0,36500,BUY
P-47227,APG US,48500,0,48500,BUY
P-47227,CLVT US,47500,0,47500,BUY
P-47227,BILL US,4000,0,4000,BUY
P-47227,UWMC US,29500,0,29500,BUY
P-36182,UWMC US,14800,0,14800,BUY
P-47227,OVV US,-11500,0,-11500,SELL
P-47227,MP US,6000,0,6000,BUY
P-36182,MP US,2200,0,2200,BUY
P-47227,FOUR US,-2500,0,-2500,SELL
P-47227,RKT US,39000,0,39000,BUY
P-47227,CCC US,28000,0,28000,BUY
P-36182,CCC US,10600,0,10600,BUY
P-47227,CHRD US,23500,0,23500,BUY
P-47227,CERT US,20000,0,20000,BUY
P-47227,TPL US,8000,0,8000,BUY
P-36182,TPL US,6600,0,6600,BUY
P-47227,APA US,-30500,0,-30500,SELL
P-47227,DV US,14500,0,14500,BUY
P-47227,DTM US,-5000,0,-5000,SELL
P-36182,DTM US,-6800,0,-6800,SELL
P-47227,DINO US,-20000,0,-20000,SELL
P-36182,DINO US,-30800,0,-30800,SELL
P-47227,SN US,2000,0,2000,BUY
P-36182,SN US,1000,0,1000,BUY
P-47227,INGM US,10000,0,10000,BUY
P-47227,SFD US,13000,0,13000,BUY
P-36182,SFD US,4200,0,4200,BUY
P-47227,KRMN US,7500,0,7500,BUY
P-36182,KRMN US,2800,0,2800,BUY
P-47227,VNOM US,67000,0,67000,BUY
P-36182,VNOM US,177200,0,177200,BUY
P-47227,AVT US,4000,0,4000,BUY
P-36182,AVT US,2000,0,2000,BUY
P-47227,CTRA US,-22000,0,-22000,SELL
P-47227,CLF US,18000,0,18000,BUY
P-47227,CAR US,-1500,0,-1500,SELL
P-47227,CW US,-500,0,-500,SELL
P-36182,CW US,-400,0,-400,SELL
P-47227,OGE US,5000,0,5000,BUY
P-36182,TER US,2200,2000,200,BUY
P-47227,TYL US,-500,0,-500,SELL
P-47227,UHS US,-1500,0,-1500,SELL
P-47227,AGCO US,-2000,0,-2000,SELL
P-47227,BIO US,-1000,0,-1000,SELL
P-47227,MTZ US,-1500,0,-1500,SELL
P-47227,CACC US,-500,0,-500,SELL
P-47227,CFR US,-2000,0,-2000,SELL
P-47227,CGNX US,5000,0,5000,BUY
P-36182,CGNX US,3200,0,3200,BUY
P-47227,FCNCA US,-500,0,-500,SELL
P-36182,FCNCA US,-200,0,-200,SELL
P-47227,FICO US,-500,0,-500,SELL
P-47227,FHN US,9000,0,9000,BUY
P-36182,FHN US,4800,0,4800,BUY
P-47227,GNTX US,7500,0,7500,BUY
P-36182,GNTX US,3600,0,3600,BUY
P-47227,HEI US,-1000,0,-1000,SELL
P-36182,HEI US,-400,0,-400,SELL
P-47227,BIIB US,-1500,0,-1500,SELL
P-47227,IONS US,5000,0,5000,BUY
P-36182,IONS US,1600,0,1600,BUY
P-47227,JKHY US,-1500,0,-1500,SELL
P-47227,KEX US,-5000,0,-5000,SELL
P-47227,RRC US,-14000,-3800,-10200,SELL
P-47227,PTC US,-1000,0,-1000,SELL
P-47227,AN US,-1000,0,-1000,SELL
P-47227,SEB US,-500,0,-500,SELL
P-47227,GEN US,7000,0,7000,BUY
P-47227,JHX US,58000,0,58000,BUY
P-47227,LSTR US,-2000,0,-2000,SELL
P-47227,MLM US,-500,0,-500,SELL
P-36182,MLM US,-1200,0,-1200,SELL
P-47227,RYN US,8000,0,8000,BUY
P-36182,RYN US,5400,0,5400,BUY
P-47227,EXP US,-1000,0,-1000,SELL
P-47227,FR US,4000,0,4000,BUY
P-47227,RMD US,-1000,0,-1000,SELL
P-36182,RMD US,-400,0,-400,SELL
P-47227,SAM US,-1000,0,-1000,SELL
P-47227,NBIX US,-1500,0,-1500,SELL
P-47227,GPK US,10000,0,10000,BUY
P-47227,ADT US,36500,0,36500,BUY
P-36182,ADT US,11000,0,11000,BUY
P-47227,NOV US,-59000,0,-59000,SELL
P-36182,NOV US,-113000,0,-113000,SELL
P-47227,VLO US,-4500,0,-4500,SELL
P-47227,AMKR US,8500,0,8500,BUY
P-47227,CHH US,-2000,0,-2000,SELL
P-47227,VRSN US,1500,400,1100,BUY
P-47227,SNDR US,8500,0,8500,BUY
P-36182,SNDR US,4200,0,4200,BUY
P-47227,BMRN US,4000,0,4000,BUY
P-36182,BMRN US,2000,0,2000,BUY
P-47227,DVN US,-13000,0,-13000,SELL
P-36182,DVN US,-26800,0,-26800,SELL
P-47227,BRKR US,7000,0,7000,BUY
P-47227,UTHR US,-500,0,-500,SELL
P-47227,NCLH US,8000,0,8000,BUY
P-47227,BWXT US,-1500,0,-1500,SELL
P-47227,EXAS US,4000,0,4000,BUY
P-36182,RNG US,3400,0,3400,BUY
P-36182,DLB US,1600,0,1600,BUY
P-36182,ALNY US,400,0,400,BUY
P-36182,LYV US,1000,0,1000,BUY
P-36182,TDG US,-200,0,-200,SELL
P-36182,IBKR US,1600,0,1600,BUY
P-36182,SARO US,7200,0,7200,BUY
P-36182,SSNC US,1200,0,1200,BUY
P-36182,AGNC US,9800,0,9800,BUY
P-36182,MTSI US,-800,0,-800,SELL
P-36182,PLTR US,20800,0,20800,BUY
P-36182,DBX US,3400,0,3400,BUY
P-36182,VEEV US,-400,0,-400,SELL
P-36182,SFM US,3600,0,3600,BUY
P-36182,RARE US,3200,0,3200,BUY
P-36182,ROKU US,2000,0,2000,BUY
P-36182,DOCS US,1600,0,1600,BUY
P-36182,GLPI US,2200,0,2200,BUY
P-36182,DDOG US,-800,0,-800,SELL
P-36182,REXR US,2400,0,2400,BUY
P-36182,U US,6200,0,6200,BUY
P-36182,DAY US,1600,0,1600,BUY
P-36182,DASH US,600,0,600,BUY
P-36182,TTD US,3200,0,3200,BUY
P-36182,APP US,200,0,200,BUY
P-36182,SNOW US,1000,0,1000,BUY
P-36182,WSC US,4400,0,4400,BUY
P-36182,CRWD US,400,0,400,BUY
P-36182,HWM US,-1400,0,-1400,SELL
P-36182,AM US,112400,0,112400,BUY
P-36182,CVNA US,2800,0,2800,BUY
P-36182,VRT US,3800,0,3800,BUY
P-36182,NVST US,5000,0,5000,BUY
P-36182,ASTS US,19000,0,19000,BUY
P-36182,GTM US,8800,0,8800,BUY
P-36182,RPRX US,2800,0,2800,BUY
P-36182,LCID US,5200,0,5200,BUY
P-36182,SMMT US,12800,0,12800,BUY
P-36182,CPNG US,13600,0,13600,BUY
P-36182,AFRM US,3800,0,3800,BUY
P-36182,HAYW US,10800,0,10800,BUY
P-36182,DRS US,7600,0,7600,BUY
P-36182,MRVL US,2600,0,2600,BUY
P-36182,DJT US,6000,0,6000,BUY
P-36182,BROS US,2200,0,2200,BUY
P-36182,INFA US,4200,0,4200,BUY
P-36182,DKNG US,2600,0,2600,BUY
P-36182,CXT US,1800,0,1800,BUY
P-36182,TEAM US,600,0,600,BUY
P-36182,LIN US,-17200,0,-17200,SELL
P-36182,BIRK US,2200,0,2200,BUY
P-36182,SIRI US,4200,0,4200,BUY
P-36182,LOAR US,1400,0,1400,BUY
P-36182,MRP US,-3000,0,-3000,SELL
P-36182,SAIL US,6400,0,6400,BUY
P-36182,BRK/B US,-2000,0,-2000,SELL
P-36182,BF/A US,3600,0,3600,BUY
P-36182,COO US,1600,0,1600,BUY
P-36182,EOG US,-5400,0,-5400,SELL
P-36182,WTM US,-200,0,-200,SELL
P-36182,HOG US,3400,0,3400,BUY
P-36182,IPG US,10400,0,10400,BUY
P-36182,MTG US,-16200,0,-16200,SELL
P-36182,ORI US,-11200,0,-11200,SELL
P-36182,COP US,-15200,0,-15200,SELL
P-36182,SCHW US,1400,0,1400,BUY
P-36182,SNA US,-400,0,-400,SELL
P-36182,SNV US,2000,0,2000,BUY
P-36182,WST US,-400,0,-400,SELL
P-36182,WMB US,-18600,0,-18600,SELL
P-36182,EGP US,-800,0,-800,SELL
P-36182,FNB US,6200,0,6200,BUY
P-36182,HEI/A US,-600,0,-600,SELL
P-36182,MKL US,-200,0,-200,SELL
P-36182,TECH US,2000,0,2000,BUY
P-36182,KMPR US,2000,0,2000,BUY
P-36182,LMT US,-1000,0,-1000,SELL
P-36182,WTFC US,800,0,800,BUY
P-36182,LAD US,-400,0,-400,SELL
P-36182,FIX US,200,0,200,BUY
P-36182,MANH US,-600,0,-600,SELL
P-36182,MAR US,-400,0,-400,SELL
P-36182,MSTR US,3000,0,3000,BUY
P-36182,FFIV US,-400,0,-400,SELL
P-36182,EXEL US,2800,0,2800,BUY
P-36182,PNFP US,1200,0,1200,BUY
P-36182,SNX US,1600,0,1600,BUY
P-36182,GME US,4200,0,4200,BUY
P-36182,PSN US,1400,0,1400,BUY